fonte,tipo,identificador,identificacao,data_apresentacao,ementa,temas_oficiais,url_documento,status_http_documento,tipo_http_documento,bytes_documento,norma_gerada,revisao_conteudo,pdf_paginas,pdf_caracteres_3_paginas,pdf_avaliacao_extracao
camara,PL,2647384,PL 5537/2026,2026-10-08T17:21,"Altera o §1° do art. 2° da Lei n° 11.738, de 16 de julho de 2008, para reduzir para trinta horas semanais a jornada máxima de trabalho dos profissionais do magistério público da educação básica, revoga o art. 6° da referida Lei e altera a Lei n° 8.429, de 2 de junho de 1992, para estabelecer hipótese de ato de improbidade administrativa.",[],https://www.camara.leg.br/proposicoesWeb/prop_mostrarintegra?codteor=3183296,200,application/pdf,,nao avaliada nesta amostra da Camara,pendente; nenhum rotulo de posicao publicado,3,5626,texto extraivel
camara,PL,2647345,PL 5536/2026,2026-10-07T16:07,"Altera a Lei nº 4.769, de 9 de setembro de 1965, para instituir o Exame Nacional de Suficiência Profissional em Administração como requisito para a obtenção do primeiro registro profissional na categoria de Administrador.",[],https://www.camara.leg.br/proposicoesWeb/prop_mostrarintegra?codteor=3183090,200,application/pdf,,nao avaliada nesta amostra da Camara,pendente; nenhum rotulo de posicao publicado,11,6828,texto extraivel
camara,PLP,2599994,PLP 2/2026,2026-02-02T09:22,"Altera a Lei Complementar nº 123, de 14 de dezembro de 2006, para estabelecer tratamento tributário diferenciado aplicável a profissionais de engenharia e arquitetura que atuem de forma unipessoal, e dá outras providências.","[""Finanças Públicas e Orçamento"", ""Indústria, Comércio e Serviços"", ""Trabalho e Emprego""]",https://www.camara.leg.br/proposicoesWeb/prop_mostrarintegra?codteor=3075799,200,application/pdf,,nao avaliada nesta amostra da Camara,pendente; nenhum rotulo de posicao publicado,4,6151,texto extraivel
camara,PLP,2600175,PLP 3/2026,2026-02-02T15:05,"Altera os arts. 149 e 150 da Lei Complementar nº 214, de 16 de janeiro de 2025, nas partes que tratam da limitação da redução a zero de alíquotas do Imposto sobre Bens e Serviços (IBS), e da Contribuição Social sobre Bens e Serviços (CBS), incidentes sobre a venda de automóveis de passageiros, quando adquiridos por pessoas com deficiência ou com transtorno do espectro autista.","[""Direitos Humanos e Minorias"", ""Finanças Públicas e Orçamento""]",https://www.camara.leg.br/proposicoesWeb/prop_mostrarintegra?codteor=3077306,200,application/pdf,,nao avaliada nesta amostra da Camara,pendente; nenhum rotulo de posicao publicado,3,5859,texto extraivel
camara,PEC,2604173,PEC 3/2026,2026-02-24T15:48,"Altera o art. 155 da Constituição Federal para estabelecer alíquota máxima e base de cálculo exclusiva do Imposto sobre a Propriedade de Veículos Automotores – IPVA, e acrescenta dispositivos ao Ato das Disposições Constitucionais Transitórias para limitar despesas com publicidade institucional e com o Poder Legislativo.","[""Administração Pública"", ""Finanças Públicas e Orçamento"", ""Viação, Transporte e Mobilidade""]",https://www.camara.leg.br/proposicoesWeb/prop_mostrarintegra?codteor=3087006,200,application/pdf,,nao avaliada nesta amostra da Camara,pendente; nenhum rotulo de posicao publicado,5,5823,texto extraivel
camara,PEC,2623400,PEC 8/2026,2026-05-11T14:49,"Altera o art. 228 da Constituição Federal para admitir, em caráter excepcional, a redução da maioridade penal em casos de crimes hediondos e de crueldade extrema contra pessoas e animais.","[""Direito Penal e Processual Penal"", ""Direitos Humanos e Minorias"", ""Meio Ambiente e Desenvolvimento Sustentável""]",https://www.camara.leg.br/proposicoesWeb/prop_mostrarintegra?codteor=3126760,200,application/pdf,,nao avaliada nesta amostra da Camara,pendente; nenhum rotulo de posicao publicado,8,5217,texto extraivel
senado,PL,9101538,PL 5241/2026,2026-09-01,"Tipifica os crimes de desvio de recursos da saúde pública, fraude em registros e inobservância da ordem de atendimento no Sistema Único de Saúde (SUS); altera o Decreto-Lei nº 2.848, de 7 de dezembro de 1940 (Código Penal); e dá outras providências.","[""Jurídico / Direito Penal e Penitenciário"", ""Política Social / Saúde / Saúde Pública""]",http://legis.senado.leg.br/sdleg-getter/dadosabertos/documento/0be16247-a6d9-4716-90db-f98c752754b5/1.0,200,application/pdf,99987,{},pendente; nenhum rotulo de posicao publicado,5,4047,texto extraivel
senado,PL,9101917,PL 5245/2026,2026-09-01,"Altera a Lei nº 14.735, de 23 de novembro de 2023, para dispor sobre a organização, em cada Estado e no Distrito Federal, da carreira policial civil única, a integração dos cargos que a compõem e o escalonamento remuneratório entre esses cargos.","[""Administração Pública / Organização Administrativa / Administração Pública Direta"", ""Administração Pública / Organização Administrativa / Cargos e Funções Públicos"", ""Administração Pública / Agentes Públicos / Servidores Públicos"", ""Soberania, Defesa Nacional e Ordem Pública / Defesa do Estado e das Instituições Democráticas / Segurança Pública""]",http://legis.senado.leg.br/sdleg-getter/dadosabertos/documento/90e7eb48-98d5-4cc0-a9e5-379b79ee66a9/1.0,200,application/pdf,124379,{},pendente; nenhum rotulo de posicao publicado,7,6763,texto extraivel
senado,PLP,9104876,PLP 247/2026,2026-09-02,"Altera a Lei Complementar nº 227, de 13 de janeiro de 2026, para estabelecer diretrizes nacionais para que os Estados e o Distrito Federal autorizem a instituição de regime de isenção condicionada do Imposto sobre Transmissão Causa Mortis e Doação de Quaisquer Bens ou Direitos (ITCMD) incidente sobre a transmissão de participações societárias em empresas familiares produtivas.","[""Economia e Desenvolvimento / Tributos / Desoneração Fiscal""]",http://legis.senado.leg.br/sdleg-getter/dadosabertos/documento/7fddd79b-9b99-4099-bbe1-0e77d9e9f8a2/1.0,200,application/pdf,165403,{},pendente; nenhum rotulo de posicao publicado,9,6087,texto extraivel
senado,PLP,9105948,PLP 74/2026,2026-09-03,"Altera a Lei Complementar nº 229, de 30 de março de 2026, para incluir o regime especial de tributação para serviços de datacenter, o programa federal de financiamento de ações de apoio às pessoas com câncer e às pessoas com deficiência, bem como a desoneração do Imposto sobre a Renda das Pessoas Jurídicas (IRPJ) e da Contribuição Social sobre o Lucro Líquido (CSLL) das sociedades resseguradoras locais entre as exceções às regras aplicáveis à concessão de benefícios tributários e altera a Lei Complementar nº 101, de 4 de maio de 2000 (Lei de Responsabilidade Fiscal).","[""Economia e Desenvolvimento / Finanças Públicas"", ""Economia e Desenvolvimento / Tributos / Desoneração Fiscal""]",http://legis.senado.leg.br/sdleg-getter/dadosabertos/documento/baba307a-6527-4950-8ac4-09eb5ee9a8e2/1.0,200,application/pdf,350038,"{""codigo"": 43892883, ""siglaTipo"": ""LCP"", ""tipo"": ""Lei Complementar"", ""numero"": 237, ""anoAssinatura"": ""2026"", ""dataAssinatura"": ""2026-09-15"", ""descricao"": ""Lei Complementar nº 237 de 15/09/2026"", ""dataPublicacao"": ""2026-09-15"", ""siglaVeiculoPublicacao"": ""DOUE"", ""veiculoPublicacao"": ""[Diário Oficial da União - Edição Extra  de 15/09/2026 - nº 174-C] (p. 1, col. 1)""}",pendente; nenhum rotulo de posicao publicado,3,5142,texto extraivel
senado,PEC,8986903,PEC 1/2026,2026-01-02,"Altera com eficácia a partir de 2027, o art. 195, I, “a”, da Constituição Federal.","[""Economia e Desenvolvimento / Tributos / Desoneração Fiscal"", ""Economia e Desenvolvimento / Tributos / Contribuição Social""]",http://legis.senado.leg.br/sdleg-getter/dadosabertos/documento/adb13d65-8b3d-4ad3-86c5-9467a1b8a6fb/1.0,200,application/pdf,90393,{},pendente; nenhum rotulo de posicao publicado,5,6396,texto extraivel
senado,PEC,9104654,PEC 17/2026,2026-09-02,"Altera os arts. 14 e 101 da Constituição Federal, para dispor sobre os requisitos de escolha dos Ministros do Supremo Tribunal Federal e sobre sua inelegibilidade para qualquer cargo eletivo, pelo prazo de cinco anos após deixarem a função.","[""Administração Pública / Agentes Públicos / Agentes Políticos"", ""Organização do Estado / Poder Judiciário"", ""Jurídico / Direitos e Garantias / Direitos Políticos""]",http://legis.senado.leg.br/sdleg-getter/dadosabertos/documento/fe6e19f0-1add-4506-b551-235f786a306e/1.0,200,application/pdf,101416,{},pendente; nenhum rotulo de posicao publicado,3,4842,texto extraivel
